date,time,index,title,reply,views
01-08,15:14,136098,저출생은 비상사태가 아니다.jpg,23000,255
01-08,15:14,136097,정말 원덬 혼자만 사랑했는지 궁금한 아이돌 유닛 2팀.jpg,12000,162
01-08,15:14,136096,여자들한테 남자 손 취향은 2개로 갈린다함.............JPG,5000,1194
01-08,15:14,136095,[네이버 페이] 클릭시 포인트 150원 적립 (추가),27000,1013
01-08,15:14,136094,오늘 방영 후 반응 난리난 미스트롯 무대.....,67000,439
01-08,15:14,136093,마포합정에서 경기도 광주까지 16시간 걸려 퇴근한 남자.SWF,5000,713
01-08,15:14,136092,"우리 입맛에 딱, 베트남 음식 베스트.jpg",28000,537
01-08,15:14,136091,핫게보고 추천하는 궁중다과,39000,1822
01-08,15:14,136090,컨셉 아이디어 대박인 유노윤호 앨범 포스터(feat.황정민),3000,351
01-08,15:14,136089,한 승무원이 뽑은 최악의 진상,58000,984
01-08,15:14,136128,통장 정리하다 이혼 한 부부.jpg,18000,244
01-08,15:14,136127,일반인 사진에 성희롱 하다 고소 당한 여시,14000,293
01-08,15:14,136126,20대 초반 딸이 혼자 여행가려 할때 부모로서 허용하는 나라범위는?,3758,214
01-08,15:14,136125,멘탈 관리 조언해주는 함소원.jpg,6935,129
01-08,15:14,136124,"[단독] 장영란, 광희 이어 '네고왕2' 주인공 발탁..다음주 첫 촬영",21000,422
01-08,15:14,136123,충격적인 일본 혼조시 여중생 유괴 성적 확대 사건 결말,14000,257
01-08,15:14,136122,일본에서 열리는 사랑의 불시착 드라마 전시회 퀄리티.jpg,24000,294
01-08,15:14,136121,이지영 강사가 수업 때 과한 헤어 코디를 하는 이유.jpg,38000,590
01-08,15:14,136120,대전대 투썸에 엘사 떴다ㅋㅋㅋㅋ,35000,282
01-08,15:14,136119,할매들 이때 드라마 뭐달렸어,26000,1077
01-08,15:14,136118,이시각 투바투 해외팬들이 동공지진 난 이유,27000,380
01-08,15:14,136117,요즘 30대 중에 나만 안하는 거 같은거 top4,42000,661
01-08,15:14,136116,러블리즈 지애 : 요즘에 뭐 보고 공부해?,27000,530
01-08,15:14,136115,목사님이 핍박받고 계십니다. 정인이 양부모 선처 탄원서 작성부탁드립니다.,26000,391
01-08,15:14,136114,머리 까니까 소문이 느낌 1도 안나는 조병규.gif,27000,308
01-08,15:14,136113,정인이 양부가 이마에 비비탄도 쏨,43000,613
01-08,15:14,136112,씨네21 표지 - 경이로운 소문 팀.jpg,11000,234
01-08,15:14,136111,현장의 소아응급전문의 글 (Allison Lee 페북 글),38000,935
01-08,15:14,136110,[단독]'철인왕후' 논란 아랑곳하지 않고 번외편 제작,2000,336
01-08,15:14,136109,"""남들은 매달 월급만큼 번다는데"".. 주식 안한 직장 일개미들은 허탈",31000,644
01-08,15:14,136108,한국의 출산율은 큰 문제가 아니라는 캐나다 기자,39000,562
01-08,15:14,136107,”감당 안되는 애들 데려다 놓고 뭐하는 짓?”...'미스트롯2'에 시청자 비난 폭주,5000,570
01-08,15:14,136106,아이돌 소식 알려주는 경상북도 공계,4000,1160
01-08,15:14,136105,"방송인 경동호, 갑작스러운 사망 비보...""장기기증으로 선물 남겼다""",4000,329
01-08,15:14,136104,경주 월성원전 방사능 유출됬대,5000,593
01-08,15:14,136103,"[단독]250만 네이버멤버십 고객, 2월말부터 '티빙' 공짜 시청",48000,643
01-08,15:14,136102,더쿠무명 기상캐스터 각지역 온도에 대해 알아보겠습니다❄.jpg,28000,450
01-08,15:14,136101,안 먹으면 후회한다는 역대급 스타벅스 신메뉴,48000,429
01-08,15:14,136100,요즘 아이돌이 망해가는 이유.jpg,45000,543
01-08,15:14,136099,은근히 보이는 비혼 이유.jpg,36000,363
